ID,Type,SKU,"GTIN, UPC, EAN, or ISBN",Name,Published,Is featured?,Visibility in catalog,Short description,Description,Date sale price starts,Date sale price ends,Tax status,Tax class,In stock?,Stock,Low stock amount,Backorders allowed?,Sold individually?,Weight (kg),Length (cm),Width (cm),Height (cm),Allow customer reviews?,Purchase note,Sale price,Regular price,Categories,Tags,Shipping class,Images,Download limit,Download expiry days,Parent,Grouped products,Upsells,Cross-sells,External URL,Button text,Position,Brands,Attribute 1 name,Attribute 1 value(s),Attribute 1 visible,Attribute 1 global,Attribute 1 default,Meta: _ap_badge,Meta: _ap_coa_lot,Meta: _ap_coa_purity,Meta: _ap_coa_tested,Meta: _ap_coa_url,Meta: _ap_disclaimer,Meta: _ap_eyebrow,Meta: _ap_price_suffix,Meta: _ap_sku_prefix,Meta: _ap_spec_1,Meta: _ap_spec_2,Meta: _ap_spec_3,Meta: _ap_specs_html,Meta: _ap_storage_html,Meta: _ap_tagline,Meta: _ap_title_em,Meta: _ap_unit,Meta: _ap_variants
9806,variable,,,Retatrutide,1,1,visible,"A triple-agonist peptide targeting GLP-1, GIP, and glucagon receptors for advanced metabolic research. For research use only.","Retatrutide is a novel investigational triple-agonist peptide that simultaneously targets GLP-1, GIP, and glucagon receptors. This tri-receptor approach represents the latest generation of metabolic research compounds, building on the dual-agonist framework established by earlier peptides.
\n
\nEach vial contains lyophilized retatrutide powder at the selected strength. Reconstitute with bacteriostatic water before use in research applications.",,,taxable,,1,,,0,0,,,,,1,,,,"Peptides, Peptides > Weight Loss","research peptide, Retatrutide",,https://nattyvision.com/wp-content/uploads/2026/05/NV-RT10-Dark.png,,,,,,,,,0,,Strength,"10mg, 20mg",1,0,,Top seller,NV-RT10-260521,99.38,"Jun 3, 2026",https://koveralabs.com/#/verify?t=40536876e6d19f512b2da1ed,"For research use only. Not for human or veterinary use. Not a drug, food, or cosmetic. Not for diagnostic or therapeutic use.",Metabolic · Weight Management,Per vial,NV-RT,GLP-1 / GIP / glucagon triple receptor agonist,{mg} per vial — lyophilized powder,HPLC verified at <strong>99%+ purity</strong>,"Sequence: Synthetic analog (39 amino acids)
Molecular weight: ~4,600 Da
Appearance: White to off-white lyophilized powder
Solubility: Soluble in bacteriostatic water
Purity: ≥99% (HPLC)
Storage form: Lyophilized","Store lyophilized vials at -20°C. Protect from light and moisture. After reconstitution with bacteriostatic water, store at 2-8°C and use within 28 days. Do not freeze reconstituted solution.","A triple-agonist peptide targeting GLP-1, GIP, and glucagon receptors for advanced metabolic research.",Peptide,mg,"[{""mg"":10,""price"":78,""sku"":""NV-RT10"",""stock"":100},{""mg"":20,""price"":132,""sku"":""NV-RT20"",""stock"":40}]"
9807,variable,,,Tirzepatide,1,0,visible,A dual GLP-1/GIP receptor agonist peptide for metabolic and endocrine research. For research use only.,"Tirzepatide is a dual-acting peptide that targets both GLP-1 and GIP receptors. Originally developed for metabolic research, this compound has become one of the most studied peptides in the glucose-dependent insulinotropic polypeptide pathway.
\n
\nEach vial contains lyophilized tirzepatide powder. Reconstitute with bacteriostatic water before use in research applications.",,,taxable,,1,,,0,0,,,,,1,,,,"Peptides, Peptides > Weight Loss","research peptide, Tirzepatide",,https://nattyvision.com/wp-content/uploads/2026/05/NV-TR10-Dark.png,,,,,,,,,0,,Strength,10mg,1,0,,,,,,,"For research use only. Not for human or veterinary use. Not a drug, food, or cosmetic. Not for diagnostic or therapeutic use.",Metabolic · Weight Management,Per vial,NV-TR,GLP-1 / GIP dual receptor agonist,{mg} per vial — lyophilized powder,HPLC verified at <strong>99%+ purity</strong>,"Sequence: Synthetic analog (39 amino acids)
Molecular weight: ~4,810 Da
Appearance: White to off-white lyophilized powder
Solubility: Soluble in bacteriostatic water
Purity: ≥99% (HPLC)
Storage form: Lyophilized","Store lyophilized vials at -20°C. Protect from light and moisture. After reconstitution with bacteriostatic water, store at 2-8°C and use within 28 days. Do not freeze reconstituted solution.",A dual GLP-1/GIP receptor agonist peptide for metabolic and endocrine research.,Peptide,mg,"[{""mg"":10,""price"":48,""sku"":""NV-TR10"",""stock"":80}]"
9808,variable,,,Semaglutide,1,0,visible,A GLP-1 receptor agonist peptide widely studied in metabolic and appetite regulation research. For research use only.,"Semaglutide is a potent, long-acting GLP-1 receptor agonist peptide. It features an acylated side chain that extends its half-life, making it one of the most extensively studied GLP-1 analogs in metabolic research.
\n
\nEach vial contains lyophilized semaglutide powder. Reconstitute with bacteriostatic water before use in research applications.",,,taxable,,1,,,0,0,,,,,1,,,,"Peptides, Peptides > Weight Loss","research peptide, Semaglutide",,https://nattyvision.com/wp-content/uploads/2026/05/NV-SM10-Dark.png,,,,,,,,,0,,Strength,10mg,1,0,,,,,,,"For research use only. Not for human or veterinary use. Not a drug, food, or cosmetic. Not for diagnostic or therapeutic use.",Metabolic · Weight Management,Per vial,NV-SM,Selective GLP-1 receptor agonist,{mg} per vial — lyophilized powder,HPLC verified at <strong>99%+ purity</strong>,"Sequence: Synthetic GLP-1 analog (31 amino acids)
Molecular weight: ~4,114 Da
Appearance: White to off-white lyophilized powder
Solubility: Soluble in bacteriostatic water
Purity: ≥99% (HPLC)
Storage form: Lyophilized","Store lyophilized vials at -20°C. Protect from light and moisture. After reconstitution with bacteriostatic water, store at 2-8°C and use within 28 days. Do not freeze reconstituted solution.",A GLP-1 receptor agonist peptide widely studied in metabolic and appetite regulation research.,Peptide,mg,"[{""mg"":10,""price"":60,""sku"":""NV-SM10"",""stock"":80}]"
9809,variable,,,Tesamorelin,1,0,visible,A synthetic GHRH analog peptide studied for its role in growth hormone release and body composition research. For research use only.,"Tesamorelin is a synthetic analog of growth hormone-releasing hormone (GHRH). It consists of the full 44-amino-acid sequence of human GHRH with a trans-3-hexenoic acid modification, which enhances its stability and bioactivity in research settings.
\n
\nEach vial contains lyophilized tesamorelin powder. Reconstitute with bacteriostatic water before use in research applications.",,,taxable,,1,,,0,0,,,,,1,,,,"Peptides > Energy, Peptides","research peptide, Tesamorelin",,https://nattyvision.com/wp-content/uploads/2026/05/NV-TSM10-Dark.png,,,,,,,,,0,,Strength,10mg,1,0,,,,,,,"For research use only. Not for human or veterinary use. Not a drug, food, or cosmetic. Not for diagnostic or therapeutic use.",Growth Hormone · Anti-Aging,Per vial,NV-TSM,Growth hormone-releasing hormone (GHRH) analog,{mg} per vial — lyophilized powder,HPLC verified at <strong>99%+ purity</strong>,"Sequence: Modified GHRH(1-44) analog
Molecular weight: ~5,136 Da
Appearance: White to off-white lyophilized powder
Solubility: Soluble in bacteriostatic water
Purity: ≥99% (HPLC)
Storage form: Lyophilized","Store lyophilized vials at -20°C. Protect from light and moisture. After reconstitution with bacteriostatic water, store at 2-8°C and use within 28 days. Do not freeze reconstituted solution.",A synthetic GHRH analog peptide studied for its role in growth hormone release and body composition research.,Peptide,mg,"[{""mg"":10,""price"":204,""sku"":""NV-TSM10"",""stock"":20}]"
9810,variable,,,MOTS-c,1,0,visible,A mitochondrial-derived peptide studied for its role in cellular energy metabolism and exercise mimetic research. For research use only.,"MOTS-c (Mitochondrial Open Reading Frame of the Twelve S rRNA type-c) is a 16-amino-acid peptide encoded by mitochondrial DNA. It is one of a small number of known mitochondrial-derived peptides (MDPs) and has attracted significant research interest for its role in regulating metabolic homeostasis and AMPK pathway activation.
\n
\nEach vial contains lyophilized MOTS-c powder. Reconstitute with bacteriostatic water before use in research applications.",,,taxable,,1,,,0,0,,,,,1,,,,"Peptides > Energy, Peptides","MOTS-c, research peptide",,https://nattyvision.com/wp-content/uploads/2026/05/NV-MS10-Dark.png,,,,,,,,,0,,Strength,10mg,1,0,,,,,,,"For research use only. Not for human or veterinary use. Not a drug, food, or cosmetic. Not for diagnostic or therapeutic use.",Mitochondrial · Metabolic,Per vial,NV-MS,Mitochondrial-derived 16-amino-acid peptide,{mg} per vial — lyophilized powder,HPLC verified at <strong>99%+ purity</strong>,"Sequence: MRWQEMGYIFYPRKLR (16 amino acids)
Molecular weight: ~2,174 Da
Appearance: White to off-white lyophilized powder
Solubility: Soluble in bacteriostatic water
Purity: ≥99% (HPLC)
Storage form: Lyophilized","Store lyophilized vials at -20°C. Protect from light and moisture. After reconstitution with bacteriostatic water, store at 2-8°C and use within 28 days. Do not freeze reconstituted solution.",A mitochondrial-derived peptide studied for its role in cellular energy metabolism and exercise mimetic research.,Peptide,mg,"[{""mg"":10,""price"":60,""sku"":""NV-MS10"",""stock"":30}]"
9811,variable,,,BPC-157,1,1,visible,"A pentadecapeptide derived from gastric juice proteins, studied extensively in tissue repair and cytoprotection research. For research use only.","BPC-157 (Body Protection Compound-157) is a 15-amino-acid peptide derived from a portion of the human gastric juice protein. It is one of the most widely studied peptides in the tissue repair and cytoprotection research space, with a broad range of published studies examining its role in wound healing, tendon repair, and gastrointestinal protection.
\n
\nEach vial contains lyophilized BPC-157 powder. Reconstitute with bacteriostatic water before use in research applications.",,,taxable,,1,,,0,0,,,,,1,,,,"Peptides > Healing, Peptides","BPC-157, research peptide",,https://nattyvision.com/wp-content/uploads/2026/05/NV-BC5-Dark.png,,,,,,,,,0,,Strength,5mg,1,0,,Popular,,,,,"For research use only. Not for human or veterinary use. Not a drug, food, or cosmetic. Not for diagnostic or therapeutic use.",Recovery · Tissue Repair,Per vial,NV-BC,Pentadecapeptide (15 amino acids) — gastric juice derived,{mg} per vial — lyophilized powder,HPLC verified at <strong>99%+ purity</strong>,"Sequence: GEPPPGKPADDAGLV (15 amino acids)
Molecular weight: ~1,419 Da
Appearance: White to off-white lyophilized powder
Solubility: Soluble in bacteriostatic water
Purity: ≥99% (HPLC)
Storage form: Lyophilized","Store lyophilized vials at -20°C. Protect from light and moisture. After reconstitution with bacteriostatic water, store at 2-8°C and use within 28 days. Do not freeze reconstituted solution.","A pentadecapeptide derived from gastric juice proteins, studied extensively in tissue repair and cytoprotection research.",Peptide,mg,"[{""mg"":5,""price"":44.4,""sku"":""NV-BC5"",""stock"":50}]"
9812,variable,,,GHK-Cu,1,0,visible,"A copper-binding tripeptide studied for its roles in skin remodeling, wound healing, and anti-aging research. For research use only.","GHK-Cu (glycyl-L-histidyl-L-lysine copper complex) is a naturally occurring copper-binding tripeptide found in human plasma. Research interest in GHK-Cu centers on its roles in collagen synthesis, fibroblast activity, and gene expression modulation related to tissue remodeling.
\n
\nEach vial contains lyophilized GHK-Cu powder. Reconstitute with bacteriostatic water before use in research applications.",,,taxable,,1,,,0,0,,,,,1,,,,"Peptides, Peptides > Skin","GHK-Cu, research peptide",,https://nattyvision.com/wp-content/uploads/2026/05/NV-CU50-Dark.png,,,,,,,,,0,,Strength,50mg,1,0,,,NV-CU50-260521,99.18,"May 28, 2026",https://koveralabs.com/#/verify?t=c70fc2bb2e56e1577a5ca8dc,"For research use only. Not for human or veterinary use. Not a drug, food, or cosmetic. Not for diagnostic or therapeutic use.",Anti-Aging · Skin,Per vial,NV-CU,Copper tripeptide complex (3 amino acids),{mg} per vial — lyophilized powder,HPLC verified at <strong>99%+ purity</strong>,"Sequence: GHK (Gly-His-Lys) + Cu²⁺
Molecular weight: ~403 Da
Appearance: Blue to blue-white lyophilized powder
Solubility: Soluble in bacteriostatic water
Purity: ≥99% (HPLC)
Storage form: Lyophilized","Store lyophilized vials at -20°C. Protect from light and moisture. After reconstitution with bacteriostatic water, store at 2-8°C and use within 28 days. Do not freeze reconstituted solution.","A copper-binding tripeptide studied for its roles in skin remodeling, wound healing, and anti-aging research.",Peptide,mg,"[{""mg"":50,""price"":28.8,""sku"":""NV-CU50"",""stock"":30}]"
9813,variable,,,NAD+,1,0,visible,Nicotinamide adenine dinucleotide — a coenzyme central to cellular energy metabolism and sirtuin activation research. For research use only.,"NAD+ (nicotinamide adenine dinucleotide) is a coenzyme present in all living cells that plays a central role in energy metabolism, DNA repair, and sirtuin activation. Research into NAD+ supplementation has expanded rapidly, with studies examining its potential in age-related decline, mitochondrial function, and neuroprotection.
\n
\nEach vial contains lyophilized NAD+ powder. Reconstitute with bacteriostatic water before use in research applications.",,,taxable,,1,,,0,0,,,,,1,,,,"Peptides > Energy, Peptides","NAD+, research peptide",,https://nattyvision.com/wp-content/uploads/2026/05/NV-NJ500-Dark.png,,,,,,,,,0,,Strength,500mg,1,0,,,NV-NJ500-260521,99.76,"May 28, 2026",https://koveralabs.com/#/verify?t=c7a6d45d249931586b09edd4,"For research use only. Not for human or veterinary use. Not a drug, food, or cosmetic. Not for diagnostic or therapeutic use.",Anti-Aging · Cellular Health,Per vial,NV-NJ,Essential coenzyme in redox reactions,{mg} per vial — lyophilized powder,HPLC verified at <strong>99%+ purity</strong>,"Molecular formula: C₂₁H₂₇N₇O₁₄P₂
Molecular weight: ~663 Da
Appearance: White to off-white lyophilized powder
Solubility: Soluble in bacteriostatic water
Purity: ≥99% (HPLC)
Storage form: Lyophilized","Store lyophilized vials at -20°C. Protect from light and moisture. NAD+ is hygroscopic — minimize exposure to ambient humidity. After reconstitution, store at 2-8°C and use within 14 days.",Nicotinamide adenine dinucleotide — a coenzyme central to cellular energy metabolism and sirtuin activation research.,Coenzyme,mg,"[{""mg"":500,""price"":102,""sku"":""NV-NJ500"",""stock"":30}]"
9814,variable,,,KLOW Blend,1,1,visible,"A four-peptide GH support blend in a single vial. Pre-mixed and pre-dosed — no math, no mixing, no fuss. For research use only.","KLOW Blend is a four-peptide growth hormone support blend combining CJC-1295, Ipamorelin, GHRP-2, and GHRP-6 in a single pre-dosed vial. Formulated by Natty Vision developed exclusively by Natty Vision. This blend combines complementary peptide compounds in a single lyophilized vial for streamlined research workflows.
\n
\nEach vial contains 80mg total peptide content. Reconstitute with bacteriostatic water before use in research applications. Formulation details available upon request for qualified researchers.",,,taxable,,1,,,0,0,,,,,1,,,,"Peptides, Peptides > Skin, Peptides > Stacks","KLOW Blend, research peptide",,https://nattyvision.com/wp-content/uploads/2026/05/NV-BBGK-Dark.png,,,,,,,,,0,,Strength,80mg,1,0,,Exclusive,,,,,"For research use only. Not for human or veterinary use. Not a drug, food, or cosmetic. Not for diagnostic or therapeutic use.",Proprietary · Multi-Peptide,Per vial,NV-BBGK,CJC-1295 + Ipamorelin + GHRP-2 + GHRP-6,{mg} per vial — lyophilized,Verified at <strong>99.2%+ purity</strong>,"Total peptide content: 80mg per vial
Formulation: Proprietary multi-peptide blend
Appearance: White to off-white lyophilized powder
Solubility: Soluble in bacteriostatic water
Purity: ≥99% (HPLC)
Storage form: Lyophilized","Store lyophilized vials at -20°C. Protect from light and moisture. After reconstitution with bacteriostatic water, store at 2-8°C and use within 28 days. Do not freeze reconstituted solution.","A four-peptide GH support blend in a single vial. Pre-mixed and pre-dosed — no math, no mixing, no fuss.",Blend,mg,"[{""mg"":80,""price"":216,""sku"":""NV-BBGK"",""stock"":10}]"
9815,variable,,,TB-500,1,0,visible,"A synthetic fragment of thymosin beta-4 studied for its roles in tissue repair, inflammation, and cell migration research. For research use only.","TB-500 is a synthetic peptide fragment of thymosin beta-4, a 43-amino-acid protein involved in cell migration, blood vessel formation, and tissue repair. TB-500 research focuses on its roles in upregulating actin and promoting cell motility, which are key processes in wound healing and recovery.
\n
\nEach vial contains lyophilized TB-500 powder. Reconstitute with bacteriostatic water before use in research applications.",,,taxable,,1,,,0,0,,,,,1,,,,"Peptides > Healing, Peptides","research peptide, TB-500",,https://nattyvision.com/wp-content/uploads/2026/05/NV-TB5-Dark.png,,,,,,,,,0,,Strength,5mg,1,0,,,NV-TB5-260521,99.38,"Jun 4, 2026",https://koveralabs.com/#/verify?t=9767bb368cd292686b6bf683,"For research use only. Not for human or veterinary use. Not a drug, food, or cosmetic. Not for diagnostic or therapeutic use.",Recovery · Tissue Repair,Per vial,NV-TB,Thymosin beta-4 fragment (43 amino acids),{mg} per vial — lyophilized powder,HPLC verified at <strong>99%+ purity</strong>,"Sequence: Synthetic thymosin beta-4 fragment
Molecular weight: ~4,963 Da
Appearance: White to off-white lyophilized powder
Solubility: Soluble in bacteriostatic water
Purity: ≥99% (HPLC)
Storage form: Lyophilized","Store lyophilized vials at -20°C. Protect from light and moisture. After reconstitution with bacteriostatic water, store at 2-8°C and use within 28 days. Do not freeze reconstituted solution.","A synthetic fragment of thymosin beta-4 studied for its roles in tissue repair, inflammation, and cell migration research.",Peptide,mg,"[{""mg"":5,""price"":78,""sku"":""NV-TB5"",""stock"":30}]"
9816,variable,,,Semax,1,0,visible,A synthetic heptapeptide analog of ACTH(4-10) studied in cognitive enhancement and neuroprotection research. For research use only.,"Semax is a synthetic heptapeptide derived from ACTH(4-10) with a Pro-Gly-Pro C-terminal modification that enhances its stability. Originally developed in Russia, it has been the subject of extensive nootropic and neuroprotection research, with studies examining BDNF modulation, cognitive enhancement, and neuroplasticity.
\n
\nEach vial contains lyophilized Semax powder. Reconstitute with bacteriostatic water before use in research applications.",,,taxable,,1,,,0,0,,,,,1,,,,"Peptides > Brain, Peptides","research peptide, Semax",,https://nattyvision.com/wp-content/uploads/2026/05/NV-XA5-Dark.png,,,,,,,,,0,,Strength,5mg,1,0,,,NV-XA5-260521,99.52,"Jun 4, 2026",https://koveralabs.com/#/verify?t=fa0ccc116ac835fc841c1a19,"For research use only. Not for human or veterinary use. Not a drug, food, or cosmetic. Not for diagnostic or therapeutic use.",Nootropic · Neuroprotection,Per vial,NV-XA,Synthetic ACTH(4-10) analog — 7 amino acids,{mg} per vial — lyophilized powder,HPLC verified at <strong>99%+ purity</strong>,"Sequence: Met-Glu-His-Phe-Pro-Gly-Pro (7 amino acids)
Molecular weight: ~813 Da
Appearance: White to off-white lyophilized powder
Solubility: Soluble in bacteriostatic water
Purity: ≥99% (HPLC)
Storage form: Lyophilized","Store lyophilized vials at -20°C. Protect from light and moisture. After reconstitution with bacteriostatic water, store at 2-8°C and use within 28 days. Do not freeze reconstituted solution.",A synthetic heptapeptide analog of ACTH(4-10) studied in cognitive enhancement and neuroprotection research.,Peptide,mg,"[{""mg"":5,""price"":48,""sku"":""NV-XA5"",""stock"":20}]"
9817,variable,,,Glow Blend,1,1,visible,A proprietary multi-peptide blend formulated by Natty Vision for skin and tissue research applications. For research use only.,"Glow Blend is a proprietary multi-peptide formulation developed exclusively by Natty Vision. This blend combines complementary peptide compounds targeting skin and tissue research pathways in a single lyophilized vial.
\n
\nEach vial contains 70mg total peptide content. Reconstitute with bacteriostatic water before use in research applications. Formulation details available upon request for qualified researchers.",,,taxable,,1,,,0,0,,,,,1,,,,"Peptides, Peptides > Skin, Peptides > Stacks","Glow Blend, research peptide",,https://nattyvision.com/wp-content/uploads/2026/05/NV-BBG70-Dark.png,,,,,,,,,0,,Strength,70mg,1,0,,Exclusive,NV-BBG70-260521,99.40,"Jun 4, 2026",https://koveralabs.com/#/verify?t=6df7d1d87c22a0b91c094e7e,"For research use only. Not for human or veterinary use. Not a drug, food, or cosmetic. Not for diagnostic or therapeutic use.",Proprietary · Multi-Peptide,Per vial,NV-BBG,Proprietary multi-peptide formula,{mg} per vial — lyophilized powder,HPLC verified at <strong>99%+ purity</strong>,"Total peptide content: 70mg per vial
Formulation: Proprietary multi-peptide blend
Appearance: White to off-white lyophilized powder
Solubility: Soluble in bacteriostatic water
Purity: ≥99% (HPLC)
Storage form: Lyophilized","Store lyophilized vials at -20°C. Protect from light and moisture. After reconstitution with bacteriostatic water, store at 2-8°C and use within 28 days. Do not freeze reconstituted solution.",A proprietary multi-peptide blend formulated by Natty Vision for skin and tissue research applications.,Blend,mg,"[{""mg"":70,""price"":192,""sku"":""NV-BBG70"",""stock"":10}]"
9818,variable,,,BPC/TB Blend,1,0,visible,A combined BPC-157 and TB-500 blend for synergistic tissue repair and recovery research. For research use only.,"This BPC/TB Blend combines two of the most studied tissue repair peptides — BPC-157 (5mg) and TB-500 (5mg) — in a single lyophilized vial for 10mg total peptide content. Researchers studying these compounds together benefit from pre-blended convenience and consistent ratios.
\n
\nEach vial contains 5mg BPC-157 and 5mg TB-500. Reconstitute with bacteriostatic water before use in research applications.",,,taxable,,1,,,0,0,,,,,1,,,,"Peptides > Healing, Peptides, Peptides > Stacks","BPC/TB Blend, research peptide",,https://nattyvision.com/wp-content/uploads/2026/05/NV-BB10-Dark.png,,,,,,,,,0,,Strength,10mg,1,0,,,,,,,"For research use only. Not for human or veterinary use. Not a drug, food, or cosmetic. Not for diagnostic or therapeutic use.",Recovery · Tissue Repair,Per vial,NV-BB,BPC-157 5mg + TB-500 5mg per vial,{mg} total peptide — lyophilized powder,HPLC verified at <strong>99%+ purity</strong>,"BPC-157 content: 5mg per vial
TB-500 content: 5mg per vial
Total peptide: 10mg per vial
Appearance: White to off-white lyophilized powder
Solubility: Soluble in bacteriostatic water
Purity: ≥99% each component (HPLC)
Storage form: Lyophilized","Store lyophilized vials at -20°C. Protect from light and moisture. After reconstitution with bacteriostatic water, store at 2-8°C and use within 28 days. Do not freeze reconstituted solution.",A combined BPC-157 and TB-500 blend for synergistic tissue repair and recovery research.,Blend,mg,"[{""mg"":10,""price"":96,""sku"":""NV-BB10"",""stock"":20}]"
9819,variable,,,Melanotan 2,1,0,visible,A synthetic melanocortin peptide analog studied in pigmentation and melanocortin receptor research. For research use only.,"Melanotan II (MT-2) is a synthetic cyclic lactam analog of alpha-melanocyte-stimulating hormone (α-MSH). It is a non-selective agonist of melanocortin receptors MC1R through MC5R and has been extensively studied in pigmentation, appetite, and related melanocortin pathway research.
\n
\nEach vial contains lyophilized Melanotan II powder. Reconstitute with bacteriostatic water before use in research applications.",,,taxable,,1,,,0,0,,,,,1,,,,"Peptides, Peptides > Skin","Melanotan 2, research peptide",,https://nattyvision.com/wp-content/uploads/2026/05/NV-ML10-Dark.png,,,,,,,,,0,,Strength,10mg,1,0,,,,,,,"For research use only. Not for human or veterinary use. Not a drug, food, or cosmetic. Not for diagnostic or therapeutic use.",Skin · Melanocortin,Per vial,NV-ML,Synthetic α-MSH analog — cyclic lactam,{mg} per vial — lyophilized powder,HPLC verified at <strong>99%+ purity</strong>,"Sequence: Ac-Nle-cyclo[Asp-His-D-Phe-Arg-Trp-Lys]-NH₂
Molecular weight: ~1,024 Da
Appearance: White to off-white lyophilized powder
Solubility: Soluble in bacteriostatic water
Purity: ≥99% (HPLC)
Storage form: Lyophilized","Store lyophilized vials at -20°C. Protect from light — Melanotan II is photosensitive. After reconstitution with bacteriostatic water, store at 2-8°C and use within 28 days. Do not freeze reconstituted solution.",A synthetic melanocortin peptide analog studied in pigmentation and melanocortin receptor research.,Peptide,mg,"[{""mg"":10,""price"":48,""sku"":""NV-ML10"",""stock"":20}]"
9820,variable,,,SS-31,1,0,visible,A mitochondrial-targeted tetrapeptide studied for its role in oxidative stress reduction and mitochondrial membrane stabilization. For research use only.,"SS-31 (also known as elamipretide or Bendavia) is a cell-permeable tetrapeptide that selectively targets the inner mitochondrial membrane. It binds to cardiolipin, a phospholipid critical to electron transport chain function, and has been studied for its role in reducing reactive oxygen species production and protecting mitochondrial structure.
\n
\nEach vial contains lyophilized SS-31 powder. Reconstitute with bacteriostatic water before use in research applications.",,,taxable,,1,,,0,0,,,,,1,,,,"Peptides > Brain, Peptides","research peptide, SS-31",,https://nattyvision.com/wp-content/uploads/2026/05/NV-2S10-Dark.png,,,,,,,,,0,,Strength,10mg,1,0,,,,,,,"For research use only. Not for human or veterinary use. Not a drug, food, or cosmetic. Not for diagnostic or therapeutic use.",Mitochondrial · Anti-Aging,Per vial,NV-2S,Mitochondrial-targeted tetrapeptide (4 amino acids),{mg} per vial — lyophilized powder,HPLC verified at <strong>99%+ purity</strong>,"Sequence: D-Arg-dimethylTyr-Lys-Phe-NH₂ (4 amino acids)
Molecular weight: ~640 Da
Appearance: White to off-white lyophilized powder
Solubility: Soluble in bacteriostatic water
Purity: ≥99% (HPLC)
Storage form: Lyophilized","Store lyophilized vials at -20°C. Protect from light and moisture. After reconstitution with bacteriostatic water, store at 2-8°C and use within 28 days. Do not freeze reconstituted solution.",A mitochondrial-targeted tetrapeptide studied for its role in oxidative stress reduction and mitochondrial membrane stabilization.,Peptide,mg,"[{""mg"":10,""price"":90,""sku"":""NV-2S10"",""stock"":10}]"
9821,variable,,,Selank,1,0,visible,"A synthetic heptapeptide analog of tuftsin studied in anxiolytic, nootropic, and immunomodulatory research. For research use only.","Selank is a synthetic heptapeptide derived from the immunomodulatory peptide tuftsin with a Pro-Gly-Pro C-terminal extension for enhanced stability. Developed at the Institute of Molecular Genetics (Russian Academy of Sciences), it has been studied for anxiolytic, nootropic, and immunomodulatory properties.
\n
\nEach vial contains lyophilized Selank powder. Reconstitute with bacteriostatic water before use in research applications.",,,taxable,,1,,,0,0,,,,,1,,,,"Peptides > Brain, Peptides","research peptide, Selank",,https://nattyvision.com/wp-content/uploads/2026/05/NV-SK5-Dark.png,,,,,,,,,0,,Strength,5mg,1,0,,,,,,,"For research use only. Not for human or veterinary use. Not a drug, food, or cosmetic. Not for diagnostic or therapeutic use.",Nootropic · Anxiolytic,Per vial,NV-SK,Synthetic tuftsin analog — 7 amino acids,{mg} per vial — lyophilized powder,HPLC verified at <strong>99%+ purity</strong>,"Sequence: Thr-Lys-Pro-Arg-Pro-Gly-Pro (7 amino acids)
Molecular weight: ~751 Da
Appearance: White to off-white lyophilized powder
Solubility: Soluble in bacteriostatic water
Purity: ≥99% (HPLC)
Storage form: Lyophilized","Store lyophilized vials at -20°C. Protect from light and moisture. After reconstitution with bacteriostatic water, store at 2-8°C and use within 28 days. Do not freeze reconstituted solution.","A synthetic heptapeptide analog of tuftsin studied in anxiolytic, nootropic, and immunomodulatory research.",Peptide,mg,"[{""mg"":5,""price"":48,""sku"":""NV-SK5"",""stock"":20}]"
9822,variable,,,CJC-1295 No DAC + Ipamorelin,1,0,visible,A combined growth hormone secretagogue blend of CJC-1295 (no DAC) and Ipamorelin for synergistic GH research. For research use only.,"This blend combines CJC-1295 without DAC (Drug Affinity Complex) and Ipamorelin, two of the most studied growth hormone secretagogues, in a single lyophilized vial. CJC-1295 no DAC is a modified GHRH analog, while Ipamorelin is a selective ghrelin mimetic. Together they are studied for their synergistic effects on pulsatile GH release patterns.
\n
\nEach vial contains CJC-1295 no DAC 5mg and Ipamorelin 5mg (10mg total). Reconstitute with bacteriostatic water before use in research applications.",,,taxable,,1,,,0,0,,,,,1,,,,"Peptides > Energy, Peptides","CJC-1295 No DAC + Ipamorelin, research peptide",,https://nattyvision.com/wp-content/uploads/2026/05/NV-CP10-Dark.png,,,,,,,,,0,,Strength,10mg,1,0,,,NV-CP10-260521,99.89,"Jun 4, 2026",https://koveralabs.com/#/verify?t=4d5f8f8c6d81ab04ae4e7957,"For research use only. Not for human or veterinary use. Not a drug, food, or cosmetic. Not for diagnostic or therapeutic use.",Growth Hormone · Secretagogue,Per vial,NV-CP,CJC-1295 no DAC 5mg + Ipamorelin 5mg per vial,{mg} total peptide — lyophilized powder,HPLC verified at <strong>99%+ purity</strong>,"CJC-1295 no DAC content: 5mg per vial
Ipamorelin content: 5mg per vial
Total peptide: 10mg per vial
Appearance: White to off-white lyophilized powder
Solubility: Soluble in bacteriostatic water
Purity: ≥99% each component (HPLC)
Storage form: Lyophilized","Store lyophilized vials at -20°C. Protect from light and moisture. After reconstitution with bacteriostatic water, store at 2-8°C and use within 28 days. Do not freeze reconstituted solution.",A combined growth hormone secretagogue blend of CJC-1295 (no DAC) and Ipamorelin for synergistic GH research.,Blend,mg,"[{""mg"":10,""price"":96,""sku"":""NV-CP10"",""stock"":10}]"
9823,variable,,,KPV,1,0,visible,A tripeptide fragment of α-MSH studied for its anti-inflammatory and immunomodulatory properties in research settings. For research use only.,"KPV (Lys-Pro-Val) is a naturally occurring tripeptide corresponding to the C-terminal fragment of alpha-melanocyte-stimulating hormone (α-MSH). Despite its small size, KPV retains the anti-inflammatory signaling properties of the parent hormone and has been studied for its effects on NF-κB inhibition and inflammatory cytokine modulation.
\n
\nEach vial contains lyophilized KPV powder. Reconstitute with bacteriostatic water before use in research applications.",,,taxable,,1,,,0,0,,,,,1,,,,"Peptides > Healing, Peptides","KPV, research peptide",,https://nattyvision.com/wp-content/uploads/2026/05/NV-KPV10-Dark.png,,,,,,,,,0,,Strength,10mg,1,0,,,,,,,"For research use only. Not for human or veterinary use. Not a drug, food, or cosmetic. Not for diagnostic or therapeutic use.",Anti-Inflammatory · Immunology,Per vial,NV-KPV,C-terminal tripeptide fragment of α-MSH,{mg} per vial — lyophilized powder,HPLC verified at <strong>99%+ purity</strong>,"Sequence: Lys-Pro-Val (3 amino acids)
Molecular weight: ~342 Da
Appearance: White to off-white lyophilized powder
Solubility: Soluble in bacteriostatic water
Purity: ≥99% (HPLC)
Storage form: Lyophilized","Store lyophilized vials at -20°C. Protect from light and moisture. After reconstitution with bacteriostatic water, store at 2-8°C and use within 14 days. Do not freeze reconstituted solution.",A tripeptide fragment of α-MSH studied for its anti-inflammatory and immunomodulatory properties in research settings.,Peptide,mg,"[{""mg"":10,""price"":66,""sku"":""NV-KPV10"",""stock"":10}]"
9824,variation,NV-2S10,,SS-31 - 10mg,1,0,visible,,,,,taxable,parent,1,,,0,0,,,,,0,,,64.99,,,,https://nattyvision.com/wp-content/uploads/2026/05/NV-2S10-Dark.png,,,id:9820,,,,,,1,,Strength,10mg,,0,,,,,,,,,,,,,,,,,,,
9826,variation,NV-SK5,,Selank - 5mg,1,0,visible,,,,,taxable,parent,1,,,0,0,,,,,0,,,29.99,,,,https://nattyvision.com/wp-content/uploads/2026/05/NV-SK5-Dark.png,,,id:9821,,,,,,1,,Strength,5mg,,0,,,,,,,,,,,,,,,,,,,
9827,variation,NV-CP10,,CJC-1295 No DAC + Ipamorelin - 10mg,1,0,visible,,,,,taxable,parent,1,,,0,0,,,,,0,,,49.99,,,,https://nattyvision.com/wp-content/uploads/2026/05/NV-CP10-Dark.png,,,id:9822,,,,,,1,,Strength,10mg,,0,,,,,,,,,,,,,,,,,,,
9828,variation,NV-KPV10,,KPV - 10mg,1,0,visible,,,,,taxable,parent,1,,,0,0,,,,,0,,,35.99,,,,https://nattyvision.com/wp-content/uploads/2026/05/NV-KPV10-Dark.png,,,id:9823,,,,,,1,,Strength,10mg,,0,,,,,,,,,,,,,,,,,,,
9829,variation,NV-CU50,,GHK-Cu - 50mg,1,0,visible,,,,,taxable,parent,1,,,0,0,,,,,0,,,39.99,,,,https://nattyvision.com/wp-content/uploads/2026/05/NV-CU50-Dark.png,,,id:9812,,,,,,1,,Strength,50mg,,0,,,,,,,,,,,,,,,,,,,
9830,variation,NV-NJ500,,NAD+ - 500mg,1,0,visible,,,,,taxable,parent,1,,,0,0,,,,,0,,,57.99,,,,https://nattyvision.com/wp-content/uploads/2026/05/NV-NJ500-Dark.png,,,id:9813,,,,,,1,,Strength,500mg,,0,,,,,,,,,,,,,,,,,,,
9831,variation,NV-BBGK,,KLOW Blend - 80mg,1,0,visible,,,,,taxable,parent,1,,,0,0,,,,,0,,,129.99,,,,https://nattyvision.com/wp-content/uploads/2026/05/NV-BBGK-Dark.png,,,id:9814,,,,,,1,,Strength,80mg,,0,,,,,,,,,,,,,,,,,,,
9832,variation,NV-TB5,,TB-500 - 5mg,1,0,visible,,,,,taxable,parent,1,,,0,0,,,,,0,,,59.99,,,,https://nattyvision.com/wp-content/uploads/2026/05/NV-TB5-Dark.png,,,id:9815,,,,,,1,,Strength,5mg,,0,,,,,,,,,,,,,,,,,,,
9833,variation,NV-XA5,,Semax - 5mg,1,0,visible,,,,,taxable,parent,1,,,0,0,,,,,0,,,29.99,,,,https://nattyvision.com/wp-content/uploads/2026/05/NV-XA5-Dark.png,,,id:9816,,,,,,1,,Strength,5mg,,0,,,,,,,,,,,,,,,,,,,
9908,variation,NV-BBG70,,Glow Blend - 70mg,1,0,visible,,,,,taxable,parent,1,,,0,0,,,,,0,,,125.99,,,,https://nattyvision.com/wp-content/uploads/2026/05/NV-BBG70-Dark.png,,,id:9817,,,,,,1,,Strength,70mg,,0,,,,,,,,,,,,,,,,,,,
9909,variation,NV-BB10,,BPC/TB Blend - 10mg,1,0,visible,,,,,taxable,parent,1,,,0,0,,,,,0,,,79.99,,,,https://nattyvision.com/wp-content/uploads/2026/05/NV-BB10-Dark.png,,,id:9818,,,,,,1,,Strength,10mg,,0,,,,,,,,,,,,,,,,,,,
9910,variation,NV-ML10,,Melanotan 2 - 10mg,1,0,visible,,,,,taxable,parent,1,,,0,0,,,,,0,,,39.99,,,,https://nattyvision.com/wp-content/uploads/2026/05/NV-ML10-Dark.png,,,id:9819,,,,,,1,,Strength,10mg,,0,,,,,,,,,,,,,,,,,,,
9911,variation,NV-RT10,,Retatrutide - 10mg,1,0,visible,,,,,taxable,parent,1,,,0,0,,,,,0,,,79.99,,,,https://nattyvision.com/wp-content/uploads/2026/05/NV-RT10-Dark.png,,,id:9806,,,,,,1,,Strength,10mg,,0,,,,,,,,,,,,,,,,,,,
9912,variation,NV-RT20,,Retatrutide - 20mg,1,0,visible,,,,,taxable,parent,1,,,0,0,,,,,0,,,159.99,,,,https://nattyvision.com/wp-content/uploads/2026/05/NV-RT20-Dark.png,,,id:9806,,,,,,2,,Strength,20mg,,0,,,,,,,,,,,,,,,,,,,
9916,variation,NV-TR10,,Tirzepatide - 10mg,1,0,visible,,,,,taxable,parent,1,,,0,0,,,,,0,,,84.99,,,,https://nattyvision.com/wp-content/uploads/2026/05/NV-TR10-Dark.png,,,id:9807,,,,,,1,,Strength,10mg,,0,,,,,,,,,,,,,,,,,,,
9917,variation,NV-SM10,,Semaglutide - 10mg,1,0,visible,,,,,taxable,parent,1,,,0,0,,,,,0,,,34.99,,,,https://nattyvision.com/wp-content/uploads/2026/05/NV-SM10-Dark.png,,,id:9808,,,,,,1,,Strength,10mg,,0,,,,,,,,,,,,,,,,,,,
9918,variation,NV-TSM10,,Tesamorelin - 10mg,1,0,visible,,,,,taxable,parent,1,,,0,0,,,,,0,,,79.99,,,,https://nattyvision.com/wp-content/uploads/2026/05/NV-TSM10-Dark.png,,,id:9809,,,,,,1,,Strength,10mg,,0,,,,,,,,,,,,,,,,,,,
9927,variation,NV-MS10,,MOTS-c - 10mg,1,0,visible,,,,,taxable,parent,1,,,0,0,,,,,0,,,44.99,,,,https://nattyvision.com/wp-content/uploads/2026/05/NV-MS10-Dark.png,,,id:9810,,,,,,1,,Strength,10mg,,0,,,,,,,,,,,,,,,,,,,
9929,variation,NV-BC5,,BPC-157 - 5mg,1,0,visible,,,,,taxable,parent,1,,,0,0,,,,,0,,,34.99,,,,https://nattyvision.com/wp-content/uploads/2026/05/NV-BC5-Dark.png,,,id:9811,,,,,,1,,Strength,5mg,,0,,,,,,,,,,,,,,,,,,,
10129,variable,,,Bacteriostatic Water,1,0,visible,,RECONSTITUTION · SOLVENT,,,taxable,,1,,,0,0,,,,,1,,,,Supplies,,,https://nattyvision.com/wp-content/uploads/2026/05/Bacteriostatic-Water-2.0-1-1.png,,,,,,,,,0,,Volume,30ml,1,0,30ml,Essential,,,,,,RECONSTITUTION · SOLVENT,Per 30 mL vial,,0.9% benzyl alcohol — bacteriostatic preservative,30 mL multi-dose vial — clear sterile solution,Independent COA verified on <strong>every lot</strong>,"<table>
  <tr><td>Composition</td><td>Sterile water + 0.9% benzyl alcohol</td></tr>
  <tr><td>Volume</td><td>30 mL — multi-dose</td></tr>
  <tr><td>Preservative (CAS)</td><td>Benzyl alcohol · 100-51-6</td></tr>
  <tr><td>Appearance</td><td>Clear, colourless liquid</td></tr>
  <tr><td>pH range</td><td>4.5 – 7.0</td></tr>
  <tr><td>Endotoxins</td><td>&lt; 0.5 EU/ml</td></tr>
  <tr><td>Sterility</td><td>USP method — Pass</td></tr>
  <tr><td>Vial</td><td>Plastic, shatter-resistant, multi-dose</td></tr>
</table>","<p>Store at room temperature, away from direct light. Wipe the stopper with an alcohol swab before each withdrawal. After first puncture, use within 28 days.</p>","Sterile water preserved with 0.9% benzyl alcohol, for reconstituting lyophilized research compounds. 30 mL multi-dose vial.",Water,ml,"[{""mg"":30,""price"":19.99,""stock"":""in""}]"
10132,variation,NV-BW30,,Bacteriostatic Water - 30ml,1,0,visible,,,,,taxable,parent,1,,,0,0,,,,,0,,,19.99,,,,https://nattyvision.com/wp-content/uploads/2026/05/Bacteriostatic-Water-2.0-1-1.png,,,id:10129,,,,,,1,,Volume,30ml,,0,,,,,,,,,,,,,,,,,,,
10181,simple,NV-CGL5,,Cagrilintide,1,0,visible,A long-acting amylin-analog peptide studied for appetite and metabolic research.,A long-acting amylin-analog peptide studied for appetite and metabolic research. Supplied as a single 5mg vial. For research use only; not for human or veterinary use.,,,taxable,,0,,,0,0,,,,,1,,,129.99,Peptides > Weight Loss,,,,,,,,,,,,0,,,,,,,,,,,,,Metabolic · Appetite,,,Amylin receptor agonist,{mg} per vial — lyophilized powder,HPLC verified at <strong>99%+ purity</strong>,,,A long-acting amylin-analog peptide studied for appetite and metabolic research.,Peptide,mg,"[{""mg"":5,""price"":129.99}]"
10182,simple,NV-5AM10,,5-Amino-1MQ,1,0,visible,A small molecule researched for NNMT inhibition and fat metabolism.,A small molecule researched for NNMT inhibition and fat metabolism. Supplied as a single 10mg vial. For research use only; not for human or veterinary use.,,,taxable,,0,,,0,0,,,,,1,,,59.99,Peptides > Weight Loss,,,,,,,,,,,,0,,,,,,,,,,,,,Metabolic · Fat Loss,,,NNMT enzyme inhibitor,{mg} per vial — lyophilized powder,HPLC verified at <strong>99%+ purity</strong>,,,A small molecule researched for NNMT inhibition and fat metabolism.,,mg,"[{""mg"":10,""price"":59.99}]"
10183,simple,NV-LC10,,Lipo-C,1,0,visible,A lipotropic blend studied for fat-metabolism research.,A lipotropic blend studied for fat-metabolism research. Supplied as a single 10mg vial. For research use only; not for human or veterinary use.,,,taxable,,0,,,0,0,,,,,1,,,49.99,Peptides > Weight Loss,,,,,,,,,,,,0,,,,,,,,,,,,,Lipotropic · Metabolic,,,"Methionine, inositol & choline",{mg} per vial — research solution,Lab tested · <strong>research grade</strong>,,,A lipotropic blend studied for fat-metabolism research.,,mg,"[{""mg"":10,""price"":49.99}]"
10184,simple,NV-IP5,,Ipamorelin,1,0,visible,A pentapeptide ghrelin-receptor agonist studied for GH secretion.,A pentapeptide ghrelin-receptor agonist studied for GH secretion. Supplied as a single 5mg vial. For research use only; not for human or veterinary use.,,,taxable,,0,,,0,0,,,,,1,,,39.99,Peptides > Energy,,,,,,,,,,,,0,,,,,,,,,,,,,Growth Hormone · Recovery,,,Selective GH secretagogue,{mg} per vial — lyophilized powder,HPLC verified at <strong>99%+ purity</strong>,,,A pentapeptide ghrelin-receptor agonist studied for GH secretion.,Peptide,mg,"[{""mg"":5,""price"":39.99}]"
10185,simple,NV-CND5,,CJC-1295 No DAC,1,0,visible,A GHRH analog researched for short-acting growth-hormone release.,A GHRH analog researched for short-acting growth-hormone release. Supplied as a single 5mg vial. For research use only; not for human or veterinary use.,,,taxable,,0,,,0,0,,,,,1,,,39.99,Peptides > Energy,,,,,,,,,,,,0,,,,,,,,,,,,,Growth Hormone · Recovery,,,GHRH analog (Mod GRF 1-29),{mg} per vial — lyophilized powder,HPLC verified at <strong>99%+ purity</strong>,,,A GHRH analog researched for short-acting growth-hormone release.,Peptide,mg,"[{""mg"":5,""price"":39.99}]"
10186,simple,NV-CD5,,CJC-1295 DAC,1,0,visible,A long-acting GHRH analog studied for sustained GH release.,A long-acting GHRH analog studied for sustained GH release. Supplied as a single 5mg vial. For research use only; not for human or veterinary use.,,,taxable,,0,,,0,0,,,,,1,,,49.99,Peptides > Energy,,,,,,,,,,,,0,,,,,,,,,,,,,Growth Hormone · Recovery,,,Long-acting GHRH analog,{mg} per vial — lyophilized powder,HPLC verified at <strong>99%+ purity</strong>,,,A long-acting GHRH analog studied for sustained GH release.,Peptide,mg,"[{""mg"":5,""price"":49.99}]"
10187,simple,NV-SMO5,,Sermorelin,1,0,visible,A GHRH fragment researched for growth-hormone stimulation.,A GHRH fragment researched for growth-hormone stimulation. Supplied as a single 5mg vial. For research use only; not for human or veterinary use.,,,taxable,,0,,,0,0,,,,,1,,,44.99,Peptides > Energy,,,,,,,,,,,,0,,,,,,,,,,,,,Growth Hormone · Anti-Aging,,,GHRH (1-29) analog,{mg} per vial — lyophilized powder,HPLC verified at <strong>99%+ purity</strong>,,,A GHRH fragment researched for growth-hormone stimulation.,Peptide,mg,"[{""mg"":5,""price"":44.99}]"
10188,simple,NV-IGF1,,IGF-1 LR3,1,0,visible,A long-acting IGF-1 analog studied for cell growth and repair.,A long-acting IGF-1 analog studied for cell growth and repair. Supplied as a single 0.1mg vial. For research use only; not for human or veterinary use.,,,taxable,,0,,,0,0,,,,,1,,,79.99,Peptides > Energy,,,,,,,,,,,,0,,,,,,,,,,,,,Muscle · Growth,,,Long R3 IGF-1 analog,{mg} per vial — lyophilized powder,HPLC verified at <strong>99%+ purity</strong>,,,A long-acting IGF-1 analog studied for cell growth and repair.,Peptide,mg,"[{""mg"":0.1,""price"":79.99}]"
10189,simple,NV-ET10,,Epitalon,1,0,visible,A tetrapeptide researched for telomerase activity and aging.,A tetrapeptide researched for telomerase activity and aging. Supplied as a single 10mg vial. For research use only; not for human or veterinary use.,,,taxable,,0,,,0,0,,,,,1,,,30.00,Peptides > Brain,,,,,,,,,,,,0,,,,,,,,,,,,,Longevity · Anti-Aging,,,Telomerase-related tetrapeptide,{mg} per vial — lyophilized powder,HPLC verified at <strong>99%+ purity</strong>,,,A tetrapeptide researched for telomerase activity and aging.,Peptide,mg,"[{""mg"":10,""price"":30.0}]"
10190,simple,NV-CBL60,,Cerebrolysin,1,0,visible,A neuropeptide preparation studied for neuroprotection.,A neuropeptide preparation studied for neuroprotection. Supplied as a single 60mg vial. For research use only; not for human or veterinary use.,,,taxable,,0,,,0,0,,,,,1,,,89.99,Peptides > Brain,,,,,,,,,,,,0,,,,,,,,,,,,,Cognitive · Neuro,,,Neurotrophic peptide complex,{mg} per vial — research solution,Lab tested · <strong>research grade</strong>,,,A neuropeptide preparation studied for neuroprotection.,Peptide,mg,"[{""mg"":60,""price"":89.99}]"
10191,simple,NV-PI5,,Pinealon,1,0,visible,A tripeptide researched for cognition and cellular protection.,A tripeptide researched for cognition and cellular protection. Supplied as a single 5mg vial. For research use only; not for human or veterinary use.,,,taxable,,0,,,0,0,,,,,1,,,44.99,Peptides > Brain,,,,,,,,,,,,0,,,,,,,,,,,,,Cognitive · Anti-Aging,,,Tripeptide bioregulator,{mg} per vial — lyophilized powder,HPLC verified at <strong>99%+ purity</strong>,,,A tripeptide researched for cognition and cellular protection.,Peptide,mg,"[{""mg"":5,""price"":44.99}]"
10192,simple,NV-TA5,,Thymosin Alpha-1,1,0,visible,A peptide studied for immune modulation.,A peptide studied for immune modulation. Supplied as a single 5mg vial. For research use only; not for human or veterinary use.,,,taxable,,0,,,0,0,,,,,1,,,44.00,Peptides > Healing,,,,,,,,,,,,0,,,,,,,,,,,,,Immune · Recovery,,,28-amino-acid immune peptide,{mg} per vial — lyophilized powder,HPLC verified at <strong>99%+ purity</strong>,,,A peptide studied for immune modulation.,Peptide,mg,"[{""mg"":5,""price"":44.0}]"
10193,simple,NV-LL37,,LL-37,1,0,visible,A cathelicidin peptide researched for antimicrobial and repair activity.,A cathelicidin peptide researched for antimicrobial and repair activity. Supplied as a single 5mg vial. For research use only; not for human or veterinary use.,,,taxable,,0,,,0,0,,,,,1,,,59.99,Peptides > Healing,,,,,,,,,,,,0,,,,,,,,,,,,,Antimicrobial · Healing,,,Human cathelicidin fragment,{mg} per vial — lyophilized powder,HPLC verified at <strong>99%+ purity</strong>,,,A cathelicidin peptide researched for antimicrobial and repair activity.,Peptide,mg,"[{""mg"":5,""price"":59.99}]"
10194,simple,NV-RA10,,ARA-290,1,0,visible,A peptide studied for nerve repair and inflammation research.,A peptide studied for nerve repair and inflammation research. Supplied as a single 10mg vial. For research use only; not for human or veterinary use.,,,taxable,,0,,,0,0,,,,,1,,,69.99,Peptides > Healing,,,,,,,,,,,,0,,,,,,,,,,,,,Nerve · Anti-Inflammatory,,,Erythropoietin-derived peptide,{mg} per vial — lyophilized powder,HPLC verified at <strong>99%+ purity</strong>,,,A peptide studied for nerve repair and inflammation research.,Peptide,mg,"[{""mg"":10,""price"":69.99}]"
10195,simple,NV-P41,,PT-141,1,0,visible,A melanocortin peptide researched in sexual-function studies.,A melanocortin peptide researched in sexual-function studies. Supplied as a single 10mg vial. For research use only; not for human or veterinary use.,,,taxable,,0,,,0,0,,,,,1,,,39.99,Peptides > Energy,,,,,,,,,,,,0,,,,,,,,,,,,,Libido · Vitality,,,Bremelanotide (melanocortin agonist),{mg} per vial — lyophilized powder,HPLC verified at <strong>99%+ purity</strong>,,,A melanocortin peptide researched in sexual-function studies.,Peptide,mg,"[{""mg"":10,""price"":39.99}]"
10196,simple,NV-HCG5K,,HCG,1,0,visible,A gonadotropin studied in hormone and fertility research.,A gonadotropin studied in hormone and fertility research. Supplied as a single 5000iu vial. For research use only; not for human or veterinary use.,,,taxable,,0,,,0,0,,,,,1,,,39.99,Peptides > Energy,,,,,,,,,,,,0,,,,,,,,,,,,,Hormone · Support,,,Human chorionic gonadotropin,{mg} per vial — lyophilized powder,Lab tested · <strong>research grade</strong>,,,A gonadotropin studied in hormone and fertility research.,,iu,"[{""mg"":5000,""price"":39.99}]"
10197,simple,NV-HMG75,,HMG,1,0,visible,A gonadotropin preparation researched in reproductive studies.,A gonadotropin preparation researched in reproductive studies. Supplied as a single 75iu vial. For research use only; not for human or veterinary use.,,,taxable,,0,,,0,0,,,,,1,,,39.99,Peptides > Energy,,,,,,,,,,,,0,,,,,,,,,,,,,Hormone · Fertility,,,Menotropins (FSH / LH),{mg} per vial — lyophilized powder,Lab tested · <strong>research grade</strong>,,,A gonadotropin preparation researched in reproductive studies.,,iu,"[{""mg"":75,""price"":39.99}]"
10198,simple,NV-KS5,,Kisspeptin-10,1,0,visible,A peptide studied for reproductive-hormone signaling.,A peptide studied for reproductive-hormone signaling. Supplied as a single 5mg vial. For research use only; not for human or veterinary use.,,,taxable,,0,,,0,0,,,,,1,,,59.99,Peptides > Energy,,,,,,,,,,,,0,,,,,,,,,,,,,Hormone · Vitality,,,Kisspeptin-derived decapeptide,{mg} per vial — lyophilized powder,HPLC verified at <strong>99%+ purity</strong>,,,A peptide studied for reproductive-hormone signaling.,Peptide,mg,"[{""mg"":5,""price"":59.99}]"
10199,simple,NV-OT2,,Oxytocin,1,0,visible,A neuropeptide researched in social and mood studies.,A neuropeptide researched in social and mood studies. Supplied as a single 2mg vial. For research use only; not for human or veterinary use.,,,taxable,,0,,,0,0,,,,,1,,,24.99,Peptides > Brain,,,,,,,,,,,,0,,,,,,,,,,,,,Mood · Social,,,Nonapeptide hormone,{mg} per vial — lyophilized powder,HPLC verified at <strong>99%+ purity</strong>,,,A neuropeptide researched in social and mood studies.,Peptide,mg,"[{""mg"":2,""price"":24.99}]"
10200,simple,NV-DS5,,DSIP,1,0,visible,A peptide studied for sleep regulation.,A peptide studied for sleep regulation. Supplied as a single 5mg vial. For research use only; not for human or veterinary use.,,,taxable,,0,,,0,0,,,,,1,,,24.99,Peptides > Brain,,,,,,,,,,,,0,,,,,,,,,,,,,Sleep · Recovery,,,Delta sleep-inducing peptide,{mg} per vial — lyophilized powder,HPLC verified at <strong>99%+ purity</strong>,,,A peptide studied for sleep regulation.,Peptide,mg,"[{""mg"":5,""price"":24.99}]"
10201,simple,NV-GTT15,,Glutathione,1,0,visible,A tripeptide antioxidant researched in cellular and skin studies.,A tripeptide antioxidant researched in cellular and skin studies. Supplied as a single 1500mg vial. For research use only; not for human or veterinary use.,,,taxable,,0,,,0,0,,,,,1,,,49.99,Peptides > Skin,,,,,,,,,,,,0,,,,,,,,,,,,,Antioxidant · Skin,,,Master antioxidant tripeptide,{mg} per vial — research solution,HPLC verified at <strong>99%+ purity</strong>,,,A tripeptide antioxidant researched in cellular and skin studies.,Peptide,mg,"[{""mg"":1500,""price"":49.99}]"
10202,simple,NV-NP8,,SNAP-8,1,0,visible,An octapeptide researched in cosmetic and skin studies.,An octapeptide researched in cosmetic and skin studies. Supplied as a single 10mg vial. For research use only; not for human or veterinary use.,,,taxable,,0,,,0,0,,,,,1,,,39.99,Peptides > Skin,,,,,,,,,,,,0,,,,,,,,,,,,,Cosmetic · Skin,,,Acetyl octapeptide-3,{mg} per vial — lyophilized powder,HPLC verified at <strong>99%+ purity</strong>,,,An octapeptide researched in cosmetic and skin studies.,Peptide,mg,"[{""mg"":10,""price"":39.99}]"
10203,simple,NV-MT1,,Melanotan 1,1,0,visible,A melanocortin peptide studied in pigmentation research.,A melanocortin peptide studied in pigmentation research. Supplied as a single 10mg vial. For research use only; not for human or veterinary use.,,,taxable,,0,,,0,0,,,,,1,,,39.99,Peptides > Skin,,,,,,,,,,,,0,,,,,,,,,,,,,Tanning · Pigment,,,Afamelanotide (a-MSH analog),{mg} per vial — lyophilized powder,HPLC verified at <strong>99%+ purity</strong>,,,A melanocortin peptide studied in pigmentation research.,Peptide,mg,"[{""mg"":10,""price"":39.99}]"
